"","clusterSize","clusterN","clusterBal","skewKurt","misSpecW1_l1.by.y2_FIML","misSpecW1_l1.by.y2_Goldstein","misSpecW1_l1.by.y2_Muthen","misSpecW1_l1.by.y3_FIML","misSpecW1_l1.by.y3_Goldstein","misSpecW1_l1.by.y3_Muthen","misSpecW1_l1.by.y5_FIML","misSpecW1_l1.by.y5_Goldstein","misSpecW1_l1.by.y5_Muthen","misSpecW1_l2.by.y5_FIML","misSpecW1_l2.by.y5_Goldstein","misSpecW1_l2.by.y5_Muthen","misSpecW1_l2.by.y6_FIML","misSpecW1_l2.by.y6_Goldstein","misSpecW1_l2.by.y6_Muthen","misSpecW1_l2.by.y2_FIML","misSpecW1_l2.by.y2_Goldstein","misSpecW1_l2.by.y2_Muthen","misSpecW1_l1.by.y3.1_FIML","misSpecW1_l1.by.y3.1_Goldstein","misSpecW1_l1.by.y3.1_Muthen","misSpecW1_lb.by.y1_FIML","misSpecW1_lb.by.y1_Goldstein","misSpecW1_lb.by.y1_Muthen","misSpecW1_lb.by.y2_FIML","misSpecW1_lb.by.y2_Goldstein","misSpecW1_lb.by.y2_Muthen","misSpecW1_lb.by.y3_FIML","misSpecW1_lb.by.y3_Goldstein","misSpecW1_lb.by.y3_Muthen","misSpecW1_lb.by.y4_FIML","misSpecW1_lb.by.y4_Goldstein","misSpecW1_lb.by.y4_Muthen","misSpecW1_lb.by.y5_FIML","misSpecW1_lb.by.y5_Goldstein","misSpecW1_lb.by.y5_Muthen","misSpecW1_lb.by.y6_FIML","misSpecW1_lb.by.y6_Goldstein","misSpecW1_lb.by.y6_Muthen","misSpecW2_l1.by.y2_FIML","misSpecW2_l1.by.y2_Goldstein","misSpecW2_l1.by.y2_Muthen","misSpecW2_l1.by.y3_FIML","misSpecW2_l1.by.y3_Goldstein","misSpecW2_l1.by.y3_Muthen","misSpecW2_l1.by.y5_FIML","misSpecW2_l1.by.y5_Goldstein","misSpecW2_l1.by.y5_Muthen","misSpecW2_l2.by.y5_FIML","misSpecW2_l2.by.y5_Goldstein","misSpecW2_l2.by.y5_Muthen","misSpecW2_l2.by.y6_FIML","misSpecW2_l2.by.y6_Goldstein","misSpecW2_l2.by.y6_Muthen","misSpecW2_l2.by.y2_FIML","misSpecW2_l2.by.y2_Goldstein","misSpecW2_l2.by.y2_Muthen","misSpecW2_l1.by.y3.1_FIML","misSpecW2_l1.by.y3.1_Goldstein","misSpecW2_l1.by.y3.1_Muthen","misSpecW2_lb.by.y1_FIML","misSpecW2_lb.by.y1_Goldstein","misSpecW2_lb.by.y1_Muthen","misSpecW2_lb.by.y2_FIML","misSpecW2_lb.by.y2_Goldstein","misSpecW2_lb.by.y2_Muthen","misSpecW2_lb.by.y3_FIML","misSpecW2_lb.by.y3_Goldstein","misSpecW2_lb.by.y3_Muthen","misSpecW2_lb.by.y4_FIML","misSpecW2_lb.by.y4_Goldstein","misSpecW2_lb.by.y4_Muthen","misSpecW2_lb.by.y5_FIML","misSpecW2_lb.by.y5_Goldstein","misSpecW2_lb.by.y5_Muthen","misSpecW2_lb.by.y6_FIML","misSpecW2_lb.by.y6_Goldstein","misSpecW2_lb.by.y6_Muthen","misSpecW3_l1.by.y2_FIML","misSpecW3_l1.by.y2_Goldstein","misSpecW3_l1.by.y2_Muthen","misSpecW3_l1.by.y3_FIML","misSpecW3_l1.by.y3_Goldstein","misSpecW3_l1.by.y3_Muthen","misSpecW3_l1.by.y5_FIML","misSpecW3_l1.by.y5_Goldstein","misSpecW3_l1.by.y5_Muthen","misSpecW3_l2.by.y5_FIML","misSpecW3_l2.by.y5_Goldstein","misSpecW3_l2.by.y5_Muthen","misSpecW3_l2.by.y6_FIML","misSpecW3_l2.by.y6_Goldstein","misSpecW3_l2.by.y6_Muthen","misSpecW3_l2.by.y2_FIML","misSpecW3_l2.by.y2_Goldstein","misSpecW3_l2.by.y2_Muthen","misSpecW3_l1.by.y3.1_FIML","misSpecW3_l1.by.y3.1_Goldstein","misSpecW3_l1.by.y3.1_Muthen","misSpecW3_lb.by.y1_FIML","misSpecW3_lb.by.y1_Goldstein","misSpecW3_lb.by.y1_Muthen","misSpecW3_lb.by.y2_FIML","misSpecW3_lb.by.y2_Goldstein","misSpecW3_lb.by.y2_Muthen","misSpecW3_lb.by.y3_FIML","misSpecW3_lb.by.y3_Goldstein","misSpecW3_lb.by.y3_Muthen","misSpecW3_lb.by.y4_FIML","misSpecW3_lb.by.y4_Goldstein","misSpecW3_lb.by.y4_Muthen","misSpecW3_lb.by.y5_FIML","misSpecW3_lb.by.y5_Goldstein","misSpecW3_lb.by.y5_Muthen","misSpecW3_lb.by.y6_FIML","misSpecW3_lb.by.y6_Goldstein","misSpecW3_lb.by.y6_Muthen","trueModel_l1.by.y2_FIML","trueModel_l1.by.y2_Goldstein","trueModel_l1.by.y2_Muthen","trueModel_l1.by.y3_FIML","trueModel_l1.by.y3_Goldstein","trueModel_l1.by.y3_Muthen","trueModel_l1.by.y5_FIML","trueModel_l1.by.y5_Goldstein","trueModel_l1.by.y5_Muthen","trueModel_l2.by.y5_FIML","trueModel_l2.by.y5_Goldstein","trueModel_l2.by.y5_Muthen","trueModel_l2.by.y6_FIML","trueModel_l2.by.y6_Goldstein","trueModel_l2.by.y6_Muthen","trueModel_l2.by.y2_FIML","trueModel_l2.by.y2_Goldstein","trueModel_l2.by.y2_Muthen","trueModel_l1.by.y3.1_FIML","trueModel_l1.by.y3.1_Goldstein","trueModel_l1.by.y3.1_Muthen","trueModel_lb.by.y1_FIML","trueModel_lb.by.y1_Goldstein","trueModel_lb.by.y1_Muthen","trueModel_lb.by.y2_FIML","trueModel_lb.by.y2_Goldstein","trueModel_lb.by.y2_Muthen","trueModel_lb.by.y3_FIML","trueModel_lb.by.y3_Goldstein","trueModel_lb.by.y3_Muthen","trueModel_lb.by.y4_FIML","trueModel_lb.by.y4_Goldstein","trueModel_lb.by.y4_Muthen","trueModel_lb.by.y5_FIML","trueModel_lb.by.y5_Goldstein","trueModel_lb.by.y5_Muthen","trueModel_lb.by.y6_FIML","trueModel_lb.by.y6_Goldstein","trueModel_lb.by.y6_Muthen"
"1"," 30"," 30","bal","0000",0.76887979966611,0.802363840752486,0.802226117045719,0.708170283806344,0.698258864758178,0.698624426841746,NA,NA,NA,0.915273789649416,0.871772918908206,0.884262623899652,0.71442570951586,0.699266396477517,0.699669694070687,0.322215358931553,0.300050996655286,0.300068187757899,0.708170283806344,0.698258864758178,0.698624426841746,1,1,1,0.717395659432387,0.692089196243676,0.700168829858607,0.610901502504174,0.589799927557939,0.591695676881727,0.822191986644407,0.811012287127157,0.794110897549149,0.739535893155259,0.696754657011502,0.707088936867372,0.828223706176962,0.805995301446664,0.802976474957352,1.23386143572621,1.08211295037322,1.14636133642267,0.930270450751252,0.698258864758178,0.698624426841746,0.323906510851419,0.298654616901746,0.298777635902867,0.757854757929883,0.798926531126466,0.799259000106729,0.701141903171953,0.699266396477517,0.699669694070687,NA,NA,NA,0.930270450751252,0.698258864758178,0.698624426841746,1,1,1,0.73425041736227,0.68512216036819,0.691683812695755,0.605190317195326,0.58941309053116,0.59231250762661,0.833888146911519,0.794762783280069,0.807669319561177,0.727864774624374,0.691475522655801,0.697311309356672,0.840450751252087,0.802413049479808,0.808645166996914,1.00860100166945,1.01031698316296,1.01079191276744,0.883248747913189,0.870481965342697,0.86797763107292,0.315060100166945,0.298654616901746,0.298777635902867,0.793684474123539,0.798926531126466,0.799259000106729,0.698298831385643,0.699266396477517,0.699669694070687,0.279398998330551,0.226647800182051,0.226566807639231,0.883248747913189,0.870481965342697,0.86797763107292,1,1,1,0.713709515859766,0.690093605719965,0.682015381135208,0.606020033388982,0.583614845013405,0.585964594401759,0.827126878130217,0.804530195161068,0.803635908758509,0.719816360601002,0.694507715945093,0.699436901766356,0.831387312186978,0.805221610610294,0.806300142446849,0.801302170283806,0.802363840752486,0.802226117045719,0.702076794657763,0.698258864758178,0.698624426841746,0.299829716193656,0.298654616901746,0.298777635902867,0.799644407345576,0.798926531126466,0.799259000106729,0.70120367278798,0.699266396477517,0.699669694070687,0.300823038397329,0.300050996655286,0.300068187757899,0.702076794657763,0.698258864758178,0.698624426841746,1,1,1,0.716979966611018,0.690796313221855,0.682771073842802,0.611090150250417,0.590055495770671,0.588744896615511,0.831106844741235,0.798092907462788,0.800588247494765,0.720762938230384,0.701808332750821,0.689765193331457,0.835295492487479,0.806418463022285,0.798096080542307
"2"," 30"," 30","bal","0028",0.772751666666667,0.807114601771902,0.807157100922333,0.711208333333333,0.700735094395839,0.701221362075738,NA,NA,NA,0.916793333333333,0.871953640172468,0.884337996416996,0.714728333333333,0.698755832363855,0.699244765324327,0.318991666666667,0.296268590094993,0.296251117318857,0.711208333333333,0.700735094395839,0.701221362075738,1,1,1,0.728695,0.694168521888619,0.692372586551981,0.65774,0.634818984734958,0.63987452196114,0.844333333333333,0.795827915444934,0.801335439147186,0.790511666666667,0.716555704614103,0.70336954109151,0.855558333333333,0.810722932537133,0.801478813849445,1.2262387312187,1.08257399550355,1.14482260593944,0.928091819699499,0.700814348521014,0.701034698659402,0.324976627712855,0.300952164085357,0.301068185564973,0.757913188647746,0.799151066850087,0.799121112691315,0.700522537562604,0.698812414338241,0.699134630530388,NA,NA,NA,0.928091819699499,0.700814348521014,0.701034698659402,1,1,1,0.751118530884808,0.699189722831336,0.689342946473611,0.652160267111853,0.628104479196245,0.636544659944313,0.862512520868113,0.79480106507309,0.793643680679166,0.777881469115192,0.727506150124602,0.727864584113153,0.872243739565943,0.814144727484434,0.812122725737395,1.008265,1.00981644154899,1.01028997895962,0.88252,0.870118962627476,0.867637816465778,0.315861666666667,0.300997300708518,0.301068185564973,0.79414,0.799035937406452,0.799121112691315,0.697816666666667,0.698755832363855,0.699134630530388,0.276518333333333,0.225018880227735,0.224919336805693,0.88252,0.870118962627476,0.867637816465778,1,1,1,0.723786666666667,0.692769598772889,0.683217150979522,0.652085,0.626305253935229,0.627680196814906,0.85111,0.793798158093801,0.794350488191543,0.765935,0.719039905976727,0.714265063971873,0.862638333333333,0.809002585136135,0.801950617314995,0.805460767946578,0.807114601771902,0.807157100922333,0.705347245409015,0.700735094395839,0.701221362075738,0.300687813021703,0.300997300708518,0.300988538621004,0.800116861435726,0.799035937406452,0.79930101232099,0.700729549248748,0.698755832363855,0.699244765324327,0.297302170283806,0.296268590094993,0.296251117318857,0.705347245409015,0.700735094395839,0.701221362075738,1,1,1,0.727033388981636,0.702816345503059,0.682496297097247,0.657632721202003,0.640360946353524,0.637333047064264,0.856098497495826,0.79998152867207,0.813361124882236,0.766924874791319,0.714284550285957,0.72209073662813,0.866317195325543,0.800911453453405,0.807806073832644
"3"," 30"," 30","bal","2800",0.76744,0.814908314550988,0.814820166108952,0.706358333333333,0.699552904956612,0.699387726320724,NA,NA,NA,0.919086666666667,0.871790225058992,0.884731667073108,0.715993333333333,0.69877149403615,0.699715830293301,0.322856666666667,0.295656821620681,0.295675244621729,0.706358333333333,0.699552904956612,0.699387726320724,1,1,1,0.709401666666667,0.694217313048082,0.691249029473059,0.607543333333333,0.590951404730917,0.585826727633176,0.83228,0.811746775665096,0.806356647245198,0.73554,0.708011820996922,0.69996289595644,0.823573333333333,0.790620238856073,0.807490431545355,1.23071333333333,1.0831273144395,1.14638771243472,0.92832,0.699552904956612,0.699387726320724,0.326456666666667,0.302216475381223,0.302414852555131,0.75898,0.798958064924738,0.799461885187525,0.702505,0.69877149403615,0.699715830293301,NA,NA,NA,0.92832,0.699552904956612,0.699387726320724,1,1,1,0.727348333333333,0.681377788843738,0.685450826807726,0.602586666666667,0.586234801868442,0.592582186537413,0.84461,0.809878508013951,0.804930084694004,0.724531666666667,0.699182546493182,0.698911504323376,0.836435,0.807475918040235,0.806074493518085,1.00732,1.00891638619751,1.00951359613896,0.880845,0.86799366863521,0.865570817291291,0.31739,0.302216475381223,0.302414852555131,0.794936666666667,0.798958064924738,0.799461885187525,0.699035,0.69877149403615,0.699715830293301,0.279126666666667,0.226351450695934,0.226192942287486,0.880845,0.86799366863521,0.865570817291291,1,1,1,0.706311666666667,0.686341612048986,0.684330135089512,0.60289,0.592767874529008,0.59213871612147,0.837328333333333,0.81593001482573,0.814528517042026,0.716123333333333,0.698459513408609,0.702184853924322,0.827248333333333,0.793323001347993,0.810870450972887,0.805865,0.814908314550988,0.814820166108952,0.704893333333333,0.699552904956612,0.699387726320724,0.302438333333333,0.302216475381223,0.302414852555131,0.800781666666667,0.798958064924738,0.799461885187525,0.701833333333333,0.69877149403615,0.699715830293301,0.299991666666667,0.295656821620681,0.295675244621729,0.704893333333333,0.699552904956612,0.699387726320724,1,1,1,0.709138333333333,0.686062490494307,0.687983271321208,0.60762,0.593383492744477,0.583247190314137,0.841223333333333,0.810794769871326,0.813199256831936,0.716823333333333,0.693010774975698,0.699770248259604,0.83108,0.792837277121924,0.803386060591629
"4"," 30"," 30","bal","2828",0.772593333333333,0.803144694791785,0.803289211166048,0.710988333333333,0.70117697943231,0.701181845498602,NA,NA,NA,0.921278333333333,0.873644037815018,0.886473638879179,0.71618,0.700221316816111,0.700764373506741,0.32404,0.302564271846983,0.302497700788267,0.710988333333333,0.70117697943231,0.701181845498602,1,1,1,0.744956666666667,0.716336667887066,0.710325109827814,0.621448333333333,0.598891827472659,0.60657000964931,0.831503333333333,0.798909336995285,0.792920452593692,0.749698333333333,0.698180489648311,0.693054619224808,0.833753333333333,0.794985403830161,0.807748184916835,1.24005666666667,1.0825582127418,1.14740534356055,0.933403333333333,0.70117697943231,0.701181845498602,0.324,0.300861366021741,0.301086529022306,0.762513333333333,0.802110483414097,0.80276413608463,0.702513333333333,0.700221316816111,0.700764373506741,NA,NA,NA,0.933403333333333,0.70117697943231,0.701181845498602,1,1,1,0.765218333333333,0.722677980305128,0.720282124689032,0.616745,0.603617531284653,0.602287137440473,0.845986666666667,0.801569788881492,0.803076636840147,0.735925,0.706789433109638,0.693303974161899,0.847933333333333,0.803236009278648,0.806246137969115,1.00568,1.0067990945318,1.00736745364585,0.879663333333333,0.866482997314628,0.864290110480877,0.315608333333333,0.300861366021741,0.301086529022306,0.798103333333333,0.802110483414097,0.80276413608463,0.699811666666667,0.700221316816111,0.700764373506741,0.281296666666667,0.230219453815668,0.230222812452111,0.879663333333333,0.866482997314628,0.864290110480877,1,1,1,0.741383333333333,0.715430531870365,0.717433898145621,0.616181666666667,0.609287504127157,0.597811382990005,0.838216666666667,0.801713941348641,0.789681816961221,0.72676,0.686960068714362,0.701263940761556,0.837021666666667,0.806863222953916,0.803259074695137,0.805715,0.803144694791785,0.803289211166048,0.704356666666667,0.70117697943231,0.701181845498602,0.300903333333333,0.300861366021741,0.301086529022306,0.80417,0.802110483414097,0.80276413608463,0.702655,0.700221316816111,0.700764373506741,0.301855,0.302564271846983,0.302497700788267,0.704356666666667,0.70117697943231,0.701181845498602,1,1,1,0.744606666666667,0.717402840677995,0.716370859894432,0.621431666666667,0.604814543355923,0.595813138551757,0.842123333333333,0.786909088861939,0.802648406366537,0.727603333333333,0.692599369238962,0.700351835132356,0.84104,0.805321571477422,0.800547970304606
"5"," 30"," 30","unbal","0000",0.714540677966102,0.848566675544518,0.847655400509419,0.680777966101695,0.686008377586707,0.684633160644269,NA,NA,NA,0.930642372881356,0.878664983152739,0.892158707131827,0.740806779661017,0.715766351624076,0.717841488096877,0.310054237288136,0.241648856042728,0.242168269584654,0.680777966101695,0.686008377586707,0.684633160644269,1,1,1,1.03435423728814,0.701443315840094,0.680298357596679,0.904294915254237,0.600291482313762,0.623273183595823,1.60610169491525,0.803495915306797,0.806987907013705,1.08304406779661,0.678263534498858,0.705743690640539,1.91939152542373,0.792329267470076,0.792410719958534,1.17539491525424,1.12245987726227,1.17174350874647,0.893618644067797,0.686094415938768,0.683703556150654,0.298308474576271,0.283204263370394,0.283499832784921,0.754208474576271,0.776326969211363,0.776526157001998,0.725808474576271,0.715945403483762,0.718043811461057,NA,NA,NA,0.893618644067797,0.686094415938768,0.683703556150654,1,1,1,1.22068474576271,0.696433745047649,0.698628879153568,1.74443559322034,0.627095014350679,0.61608801256003,1.50014745762712,0.787517356894525,0.811517538328341,1.77513898305085,0.700200943587847,0.671311513872353,1.6145813559322,0.791638716588979,0.773256192639161,0.957570945945946,0.973436506665728,0.974100460175624,0.857255067567568,0.846837830371023,0.843277010246916,0.287375,0.283038048150518,0.283258313489617,0.781849662162162,0.776548166810713,0.776940110942094,0.719815878378378,0.716051210452024,0.717988253498632,0.253347972972973,0.187923088069501,0.188440390168646,0.857255067567568,0.846837830371023,0.843277010246916,1,1,1,0.83479222972973,0.693851323250021,0.700687128124485,1.2350777027027,0.597883566612823,0.611274076978009,1.55925844594595,0.790138666714487,0.766791042326485,1.52081587837838,0.676088489190263,0.662541404128155,1.24356756756757,0.772341987962121,0.778897959644255,0.773550675675676,0.84831055354353,0.845236682163615,0.699653716216216,0.685568858441195,0.684957030969662,0.272511824324324,0.282996101263714,0.28358064279428,0.785353040540541,0.77650670386277,0.776852479446709,0.721925675675676,0.716012773186375,0.718048691375868,0.280398648648649,0.241555777256322,0.243859745226212,0.699653716216216,0.685568858441195,0.684957030969662,1,1,1,0.856288851351351,0.717132573226779,0.732229942796245,1.23709459459459,0.609797170640498,0.608911229103683,1.53858952702703,0.772667332754766,0.757829693758801,1.6790625,0.67457233681337,0.682658228714288,1.57727364864865,0.742893989410067,0.774736791943317
"6"," 30"," 30","unbal","0028",0.72230220713073,0.851724980422298,0.860935793820741,0.68534974533107,0.684078858865628,0.683172083395434,NA,NA,NA,0.930468590831918,0.875412479005789,0.889160829869343,0.738572156196944,0.712022601325931,0.715504577904292,0.308478777589134,0.241996916377532,0.233426971962966,0.68534974533107,0.684078858865628,0.683172083395434,1,1,1,0.915266553480475,0.635671141610187,0.656035472832917,0.81179117147708,0.598196040388988,0.573154112130673,1.43304584040747,0.755088653445643,0.741100931808824,0.819346349745331,0.661057861172133,0.62342150573261,2.85366723259762,0.729100075897522,0.724816924766025,1.17641379310345,1.11114897446291,1.1615178695297,0.892824137931034,0.684319852581918,0.682421706328315,0.30428275862069,0.287847862979011,0.287429995265192,0.750158620689655,0.773157645855306,0.772479412334417,0.722151724137931,0.712104933168442,0.714585663989647,NA,NA,NA,0.892824137931034,0.684319852581918,0.682421706328315,1,1,1,0.796189655172414,0.628721762539096,0.642871082060764,1.49414310344828,0.573653550238857,0.572715298736079,1.29936724137931,0.759383354476602,0.788018598420523,0.75795,0.642140285151071,0.63031978966595,2.65008103448276,0.731487779300431,0.701230117977591,0.960822827938671,0.974668877141986,0.975929829007373,0.856405451448041,0.844769547458231,0.842069223176558,0.292964224872232,0.288172052035841,0.287040403305387,0.779330494037479,0.772634133864449,0.773295177393302,0.717081771720613,0.711938917765387,0.714679152021457,0.251453151618399,0.186634936623391,0.187700725302744,0.856405451448041,0.844769547458231,0.842069223176558,1,1,1,0.757178875638842,0.65052252486778,0.614630037920319,0.837586030664395,0.593811009201303,0.576120925893131,1.27676831345826,0.712524758300633,0.756642448810871,0.76833730834753,0.645746619089329,0.629859042153321,2.72547700170358,0.75083262211667,0.738297401727376,0.779032478632479,0.850641746198674,0.864806531464224,0.700774358974359,0.683997270146005,0.683744621746918,0.277793162393162,0.2879575520462,0.287604353910083,0.782820512820513,0.773083371691764,0.773147984899849,0.719121367521368,0.711683697468713,0.714648631121617,0.278034188034188,0.2424009080378,0.231720200160704,0.700774358974359,0.683997270146005,0.683744621746918,1,1,1,0.776839316239316,0.638011050422607,0.633314061137571,0.862955555555556,0.589164873941524,0.606114025773959,1.32985641025641,0.746472525024205,0.751400890184616,0.795811965811966,0.666378047543194,0.641991451732217,2.76155213675214,0.727691340622408,0.743806783152997
"7"," 30"," 30","unbal","2800",0.718833333333333,0.859417570995339,0.861769902711939,0.683181818181818,0.686689642598484,0.685526445976681,NA,NA,NA,0.93983164983165,0.881449539882771,0.89615700543168,0.74393771043771,0.718285976285062,0.721548399135401,0.315835016835017,0.241096268875856,0.241194724461037,0.683181818181818,0.686689642598484,0.685526445976681,1,1,1,0.792319865319865,0.683555199821267,0.69576466648113,0.655260942760943,0.592549735352134,0.586580250704737,1.29053872053872,0.784012587667992,0.764715181229908,0.779858585858586,0.662653486677294,0.65360322764817,1.76957575757576,0.770414925031849,0.763906886792228,1.19089411764706,1.12864884231991,1.18108924192987,0.899872268907563,0.686716694505102,0.685707138965256,0.30503025210084,0.288727215184539,0.288400895142591,0.754816806722689,0.77856091097743,0.778323269010734,0.728144537815126,0.718005410231617,0.721174285159784,NA,NA,NA,0.899872268907563,0.686716694505102,0.685707138965256,1,1,1,0.827179831932773,0.659845757881837,0.677924446361242,0.667258823529412,0.585467300592629,0.575437927734019,1.28296134453782,0.772951712702666,0.764426122217329,0.757878991596639,0.700681911255948,0.688855940675723,1.30627058823529,0.762167374259322,0.737170346654059,0.968642016806723,0.982696259029965,0.983378450570446,0.86316974789916,0.850876259816986,0.847329565429131,0.292919327731092,0.28880009112906,0.28853792128439,0.785099159663866,0.77838931850339,0.779479714831571,0.723764705882353,0.718389253832044,0.721317271678525,0.256220168067227,0.189679181267781,0.190172125262756,0.86316974789916,0.850876259816986,0.847329565429131,1,1,1,0.871914285714286,0.673321599396197,0.669465870577867,0.688915966386555,0.583756727024063,0.586696449994036,1.39070756302521,0.821288762202148,0.763166300166421,0.742768067226891,0.667690168856759,0.672577358723467,1.23157478991597,0.744456003990361,0.800567992261854,0.783248739495798,0.859532718221087,0.860501014035007,0.704164705882353,0.686223994404846,0.686251801390875,0.27827731092437,0.288682268290744,0.288869349068152,0.788665546218487,0.778497855690212,0.778855580121529,0.725589915966387,0.718199660278885,0.721074533028864,0.28326218487395,0.241112012764981,0.241444907298936,0.704164705882353,0.686223994404846,0.686251801390875,1,1,1,0.82429243697479,0.677956673516061,0.652124086349346,0.716763025210084,0.585558481132735,0.600517884368081,1.45029579831933,0.768534464507888,0.776499911314849,0.753478991596639,0.699417098833772,0.65539257633528,1.24259663865546,0.755954058136402,0.787980795663783
"8"," 30"," 30","unbal","2828",0.720762393162393,0.887194635333647,0.883237710742663,0.683519658119658,0.690668337945072,0.689118546439382,NA,NA,NA,0.940630769230769,0.880913572271675,0.894440029483681,0.74291452991453,0.716442847450836,0.718033992398774,0.314386324786325,0.226161250064032,0.226584220609944,0.683519658119658,0.690668337945072,0.689118546439382,1,1,1,1.64121709401709,0.650596439599375,0.57286396203957,0.698437606837607,0.56671005942005,0.584870138379656,0.9094,0.756108300625983,0.731400621888685,1.14579658119658,0.694644536209679,0.693859567945919,1.10062735042735,0.79731207733824,0.741099290978326,1.19069727891156,1.12795491519156,1.17543669661518,0.900333333333333,0.692613802662077,0.688580414541127,0.304066326530612,0.289696538888148,0.289863798639236,0.757358843537415,0.777110949260815,0.776519079868532,0.727178571428571,0.716180103685293,0.718455542846714,NA,NA,NA,0.900333333333333,0.692613802662077,0.688580414541127,1,1,1,0.988207482993197,0.667938450837035,0.624409253953686,1.95751700680272,0.607852632651372,0.599451441551986,1.48993367346939,0.773969400250188,0.745730542691223,0.851760204081633,0.661969341368052,0.719359488775607,1.46264455782313,0.749803777251788,0.769269793823011,0.966894378194208,0.981013044291619,0.98025512457779,0.86132538330494,0.848446420821745,0.843858345907343,0.29314139693356,0.290034839870358,0.289780291979538,0.786763202725724,0.777424906530476,0.776577648143285,0.722391822827939,0.715813566943374,0.718133878586281,0.255442930153322,0.188577267624324,0.187239552788812,0.86132538330494,0.848446420821745,0.843858345907343,1,1,1,1.09831516183986,0.644984976687259,0.63629658103546,0.679483816013629,0.56674469270711,0.582024250238914,1.42101703577513,0.800708196046737,0.678627097697157,1.3607734241908,0.686266570235517,0.753301310767868,1.67778364565588,0.765974981382364,0.787479864652826,0.78628717948718,0.882877561525316,0.884177462053399,0.706564102564103,0.691846441902642,0.687888514222057,0.277832478632479,0.28997727992015,0.290027332032906,0.789844444444444,0.776770787142922,0.775651787797612,0.724109401709402,0.716709227118095,0.717967156794662,0.282073504273504,0.228620148553991,0.225933487112667,0.706564102564103,0.691846441902642,0.687888514222057,1,1,1,1.0265811965812,0.667828299937346,0.592769329390282,0.705547008547009,0.564034184904558,0.584419740948621,1.44311623931624,0.786397304744474,0.739921524121737,1.36604102564103,0.70539109274256,0.6976866788943,1.37737606837607,0.762429162250827,0.775985207227478
"9"," 30","100","bal","0000",0.75876,0.806220238679043,0.806264412476479,0.699356666666667,0.698606519202289,0.698556420398486,NA,NA,NA,0.916905,0.87459135812906,0.886657516350319,0.713813333333333,0.699033460093839,0.699238886907814,0.323216666666667,0.298122825939924,0.29810430465807,0.699356666666667,0.698606519202289,0.698556420398486,1,1,1,0.706421666666667,0.697600092838712,0.702199742864552,0.601628333333333,0.601372809344654,0.598107872802634,0.800416666666667,0.805603331982691,0.808648675505771,0.719905,0.701086575059526,0.693761827646341,0.800653333333333,0.803066131906401,0.795595977938815,1.22856,1.08822394830108,1.1530939335246,0.926118333333333,0.698606519202289,0.698556420398486,0.324216666666667,0.299460038603723,0.299430993638362,0.758166666666667,0.800402931812058,0.800399230347658,0.699961666666667,0.699033460093839,0.699238886907814,NA,NA,NA,0.926118333333333,0.698606519202289,0.698556420398486,1,1,1,0.721016666666667,0.701061407081276,0.70216230684436,0.597978333333333,0.595668582830396,0.598538711087548,0.810476666666667,0.797595010704106,0.799533446211425,0.708868333333333,0.697226456345959,0.698920160986084,0.811391666666667,0.797896756988751,0.799471959102131,1.006725,1.01052519390792,1.01075161643103,0.88091,0.870941588495958,0.867997964514011,0.314311666666667,0.299460038603723,0.299430993638362,0.795206666666667,0.800402931812058,0.800399230347658,0.69699,0.699033460093839,0.699238886907814,0.279926666666667,0.226073735249564,0.226009908362305,0.88091,0.870941588495958,0.867997964514011,1,1,1,0.703338333333333,0.701165406366078,0.701477322291387,0.597091666666667,0.597605354842243,0.598340551792476,0.805671666666667,0.802226497241828,0.801492681572782,0.7024,0.695535573825089,0.699056170127341,0.804455,0.793895038709227,0.800829233118163,0.800525,0.806220238679043,0.806264412476479,0.700711666666667,0.698606519202289,0.698556420398486,0.299163333333333,0.299460038603723,0.299430993638362,0.801008333333333,0.800402931812058,0.800399230347658,0.699783333333333,0.699033460093839,0.699238886907814,0.300953333333333,0.298122825939924,0.29810430465807,0.700711666666667,0.698606519202289,0.698556420398486,1,1,1,0.70616,0.700710528258085,0.703432053244194,0.601348333333333,0.600224855959004,0.597175315059214,0.808906666666667,0.799085500399265,0.802350810494341,0.702865,0.694788009738222,0.698623688516129,0.807736666666667,0.800030316807537,0.797931518042347
"10"," 30","100","bal","0028",0.759415,0.799214757803154,0.799196154458471,0.699108333333333,0.697265010004523,0.697195560656166,NA,NA,NA,0.915235,0.873421993387957,0.885567127822337,0.713481666666667,0.698896727305784,0.698953879357833,0.321635,0.299476900757202,0.29947752846641,0.699108333333333,0.697265010004523,0.697195560656166,1,1,1,0.71043,0.70394943958016,0.697640399087502,0.617843333333333,0.610335876680249,0.615450516081145,0.805163333333333,0.801968793326235,0.808156753131698,0.729391666666667,0.704729708213538,0.706731960617891,0.805036666666667,0.795850244167407,0.802229942328747,1.22074666666667,1.08314585950344,1.14745032216447,0.92155,0.697265010004523,0.697195560656166,0.324975,0.299723535333171,0.299724011976957,0.75625,0.79883218348392,0.798886152469395,0.699083333333333,0.698896727305784,0.698953879357833,NA,NA,NA,0.92155,0.697265010004523,0.697195560656166,1,1,1,0.726138333333333,0.697069144646939,0.701718697913119,0.614098333333333,0.609787350504048,0.613438437174812,0.815843333333333,0.803509537526253,0.803859446070287,0.717396666666667,0.705549024002415,0.706016446871177,0.816785,0.803064194400456,0.798539687458513,1.00605333333333,1.00922092279645,1.00945606025743,0.879738333333333,0.869553691610583,0.866664464534544,0.31494,0.299723535333171,0.299724011976957,0.793333333333333,0.79883218348392,0.798886152469395,0.696426666666667,0.698896727305784,0.698953879357833,0.278428333333333,0.225317097388726,0.225248335104783,0.879738333333333,0.869553691610583,0.866664464534544,1,1,1,0.707215,0.700088670138621,0.704536336773091,0.61292,0.613125354422896,0.617528165604576,0.810898333333333,0.804452591625719,0.797435279353858,0.710608333333333,0.704111283871293,0.701124890376388,0.809316666666667,0.802017028344937,0.798995110615235,0.798958333333333,0.799214757803154,0.799196154458471,0.698938333333333,0.697265010004523,0.697195560656166,0.299605,0.299723535333171,0.299724011976957,0.799325,0.79883218348392,0.798886152469395,0.699446666666667,0.698896727305784,0.698953879357833,0.299626666666667,0.299476900757202,0.29947752846641,0.698938333333333,0.697265010004523,0.697195560656166,1,1,1,0.710326666666667,0.698638031196135,0.700200512106574,0.617628333333333,0.612584913274183,0.617235858092915,0.814435,0.805157329695402,0.803064135981957,0.711105,0.703325879727296,0.700090460079785,0.81289,0.800316632328488,0.800874041167056
"11"," 30","100","bal","2800",0.760456666666667,0.800853119860086,0.800851450536041,0.699646666666667,0.700047593014423,0.699905111789901,NA,NA,NA,0.918063333333333,0.874749421119053,0.887327549075692,0.713848333333333,0.699051822528332,0.699254325685134,0.323315,0.300558932286949,0.300564000815237,0.699646666666667,0.700047593014423,0.699905111789901,1,1,1,0.6996,0.693975197787113,0.696010482739751,0.601356666666667,0.599107622246532,0.602575750433439,0.799883333333333,0.800168079871559,0.800658568356902,0.719808333333333,0.702119769192516,0.697687353870666,0.802123333333333,0.801911103736648,0.801953144679181,1.225115,1.08597334413785,1.15059763335327,0.922068333333333,0.700047593014423,0.699905111789901,0.326733333333333,0.301597286398541,0.301686962700769,0.757093333333333,0.799091201325096,0.799323517235653,0.699791666666667,0.699051822528332,0.699254325685134,NA,NA,NA,0.922068333333333,0.700047593014423,0.699905111789901,1,1,1,0.71417,0.694709810484905,0.693631417957678,0.59798,0.597900069680303,0.592984278856152,0.810251666666667,0.800551409615895,0.801217056458871,0.709128333333333,0.698385105491207,0.700990374923819,0.813215,0.803001347981781,0.801082171500339,1.00656,1.01025601315206,1.01052281039215,0.879071666666667,0.868848743723702,0.865978490032222,0.31691,0.301597286398541,0.301686962700769,0.793921666666667,0.799091201325096,0.799323517235653,0.696786666666667,0.699051822528332,0.699254325685134,0.279553333333333,0.225752854515919,0.225753861067685,0.879071666666667,0.868848743723702,0.865978490032222,1,1,1,0.696671666666667,0.69674703418587,0.69474163837707,0.597138333333333,0.596043171592817,0.595947030209948,0.805225,0.801727712967333,0.799926366934805,0.702536666666667,0.697482934415095,0.700497555382678,0.806106666666667,0.804277678973662,0.801195423973835,0.80179,0.800853119860086,0.800851450536041,0.70045,0.700047593014423,0.699905111789901,0.301678333333333,0.301597286398541,0.301686962700769,0.79973,0.799091201325096,0.799323517235653,0.699751666666667,0.699051822528332,0.699254325685134,0.300711666666667,0.300558932286949,0.300564000815237,0.70045,0.700047593014423,0.699905111789901,1,1,1,0.69949,0.694180990703161,0.6972231636777,0.601393333333333,0.600937953872056,0.594985616332648,0.808526666666667,0.801432340359878,0.796754512837031,0.703048333333333,0.696974918130695,0.699637679155694,0.809431666666667,0.80245175123491,0.8014030838787
"12"," 30","100","bal","2828",0.76109,0.800463140502556,0.800379610844156,0.701096666666667,0.697539884221827,0.697701586845355,NA,NA,NA,0.91847,0.875736657219876,0.887991660134289,0.715356666666667,0.700642867286913,0.700954074746071,0.322758333333333,0.300500233916266,0.300523385946391,0.701096666666667,0.697539884221827,0.697701586845355,1,1,1,0.713696666666667,0.703141403233912,0.705988553274,0.608305,0.603689031969157,0.603791496925064,0.804885,0.806267173264251,0.803881354717245,0.730285,0.70860228560728,0.706277257201697,0.807463333333333,0.803518845859893,0.805949524561368,1.22642166666667,1.08599267045987,1.15124423514493,0.925031666666667,0.697539884221827,0.697701586845355,0.323236666666667,0.298690453993821,0.298759318963627,0.760508333333333,0.802187902465543,0.802293353631801,0.701733333333333,0.700642867286913,0.700954074746071,NA,NA,NA,0.925031666666667,0.697539884221827,0.697701586845355,1,1,1,0.729363333333333,0.708100155069716,0.709849904025343,0.604876666666667,0.601748422213075,0.601918495766938,0.815455,0.802885794912902,0.803857376307204,0.719296666666667,0.70952704639629,0.706524079677391,0.819326666666667,0.803288648328822,0.808164760176547,1.00467166666667,1.00805944771152,1.00838281591152,0.879088333333333,0.868762256556967,0.865996633973491,0.313731666666667,0.298690453993821,0.298759318963627,0.796811666666667,0.802187902465543,0.802293353631801,0.69869,0.700642867286913,0.700954074746071,0.279931666666667,0.227153686462707,0.227084639178652,0.879088333333333,0.868762256556967,0.865996633973491,1,1,1,0.7103,0.709931957614123,0.707198854845107,0.60399,0.601789585757923,0.604245061061303,0.810176666666667,0.803956562797525,0.806792300814739,0.71202,0.704214854498849,0.71033056442674,0.811666666666667,0.804751396713999,0.807604028732371,0.79881,0.800463140502556,0.800379610844156,0.6991,0.697539884221827,0.697701586845355,0.298455,0.298690453993821,0.298759318963627,0.802721666666667,0.802187902465543,0.802293353631801,0.701528333333333,0.700642867286913,0.700954074746071,0.301118333333333,0.300500233916266,0.300523385946391,0.6991,0.697539884221827,0.697701586845355,1,1,1,0.713328333333333,0.708181667277538,0.705788216727023,0.608663333333333,0.601855798788964,0.609620641848566,0.813613333333333,0.803794547438593,0.804579114821827,0.712583333333333,0.707608389287379,0.709753676388431,0.815231666666667,0.808212136854057,0.804795768649373
"13"," 30","100","unbal","0000",0.711386666666667,0.833170053107932,0.833135509334517,0.67455,0.687342423869936,0.685595246434525,NA,NA,NA,0.930638333333333,0.881296227760494,0.894481374982744,0.739298333333333,0.716876603655292,0.718677817152792,0.309135,0.24821205609054,0.248266995224614,0.67455,0.687342423869936,0.685595246434525,1,1,1,0.708905,0.697684009246014,0.70031489715642,0.597606666666667,0.586636402809152,0.589131673066279,0.79194,0.793281546913507,0.786151655096438,0.740433333333333,0.696229835150242,0.696435882633621,0.797968333333333,0.786183155722771,0.790679235588991,1.16682,1.12547222973541,1.17613006623192,0.885965,0.687342423869936,0.685595246434525,0.301775,0.286499892163803,0.286587624923008,0.752216666666667,0.776616169649837,0.776213423064969,0.723308333333333,0.716876603655292,0.718677817152792,NA,NA,NA,0.885965,0.687342423869936,0.685595246434525,1,1,1,0.737818333333333,0.697106167242264,0.695662474703199,0.587915,0.586210666465247,0.589042401557955,0.808788333333333,0.796929728353738,0.795488294821408,0.718518333333333,0.689295691932631,0.690854753735795,0.819233333333333,0.793557244183534,0.789839001912838,0.957825,0.975839820789987,0.975964436402207,0.853783333333333,0.846626222948495,0.842487546809265,0.290101666666667,0.286499892163803,0.286587624923008,0.78172,0.776616169649837,0.776213423064969,0.718721666666667,0.716876603655292,0.718677817152792,0.252436666666667,0.187162496935172,0.187198327394908,0.853783333333333,0.846626222948495,0.842487546809265,1,1,1,0.699655,0.699734493683787,0.690903493296849,0.584258333333333,0.588272913128036,0.581126182434759,0.796876666666667,0.790442891531722,0.788892142542584,0.704538333333333,0.689238871993264,0.694455414462987,0.804046666666667,0.791586163364103,0.79330537460941,0.774598333333333,0.833170053107932,0.833135509334517,0.696843333333333,0.687342423869936,0.685595246434525,0.275056666666667,0.286499892163803,0.286587624923008,0.784843333333333,0.776616169649837,0.776213423064969,0.720623333333333,0.716876603655292,0.718677817152792,0.278991666666667,0.24821205609054,0.248266995224614,0.696843333333333,0.687342423869936,0.685595246434525,1,1,1,0.707106666666667,0.698023883232127,0.695975779943498,0.595431666666667,0.588638575562079,0.585874280256183,0.803906666666667,0.792877248084347,0.786002881346151,0.705925,0.697141897758168,0.691879305882978,0.81188,0.789296511726569,0.78738151270012
"14"," 30","100","unbal","0028",0.712271666666667,0.845228199090343,0.845134552751475,0.675245,0.686410277743433,0.684777302153371,NA,NA,NA,0.928781666666667,0.880107523079254,0.893154062985157,0.739763333333333,0.71758689530065,0.719370998239792,0.308695,0.241829066827661,0.241851141753755,0.675245,0.686410277743433,0.684777302153371,1,1,1,0.717675,0.703380822536701,0.705668129026369,0.624153333333333,0.60652362705962,0.612762571454109,0.809453333333333,0.812061368914131,0.801416565603366,0.758848333333333,0.714164543200372,0.707173570672532,0.818611666666667,0.804616342913591,0.79955685329505,1.170585,1.12686536042515,1.17700275002722,0.888176666666667,0.686410277743433,0.684777302153371,0.301878333333333,0.285757402078824,0.285857013593962,0.751108333333333,0.775761745045957,0.775249923754145,0.724228333333333,0.71758689530065,0.719370998239792,NA,NA,NA,0.888176666666667,0.686410277743433,0.684777302153371,1,1,1,0.747836666666667,0.700186095007659,0.699775348465788,0.610828333333333,0.613780865619636,0.60089194920649,0.826766666666667,0.800957449092282,0.804313028671404,0.733735,0.706475515848238,0.708224871790729,0.841283333333333,0.802857463703856,0.801401606356199,0.958888333333333,0.976714399475312,0.976925929061083,0.854451666666667,0.847099290901488,0.842944437735295,0.290266666666667,0.285757402078824,0.285857013593962,0.780668333333333,0.775761745045957,0.775249923754145,0.719646666666667,0.71758689530065,0.719370998239792,0.252018333333333,0.186291476155212,0.186186889329856,0.854451666666667,0.847099290901488,0.842944437735295,1,1,1,0.707608333333333,0.69936384160523,0.702012632291859,0.608426666666667,0.605158280452914,0.606163644570316,0.814125,0.799153648454817,0.804494731939497,0.719318333333333,0.701781822604297,0.704115198553835,0.82514,0.802363946624728,0.799065835918784,0.776018333333333,0.845228199090343,0.845134552751475,0.697908333333333,0.686410277743433,0.684777302153371,0.27515,0.285757402078824,0.285857013593962,0.783718333333333,0.775761745045957,0.775249923754145,0.721463333333333,0.71758689530065,0.719370998239792,0.278426666666667,0.241829066827661,0.241851141753755,0.697908333333333,0.686410277743433,0.684777302153371,1,1,1,0.715125,0.699658528742056,0.70043138422051,0.620681666666667,0.614059028973051,0.607142918355616,0.822486666666667,0.814370458275884,0.795206246166458,0.72135,0.708611861167656,0.70734386206552,0.834433333333333,0.803731612630986,0.798402426144248
"15"," 30","100","unbal","2800",0.709315,0.840241978350453,0.840235404537976,0.672546666666667,0.685084077493054,0.683452436788472,NA,NA,NA,0.931126666666667,0.880497981707169,0.89384505685463,0.73886,0.715413816251248,0.717395326851562,0.309653333333333,0.243606086920923,0.243611861946799,0.672546666666667,0.685084077493054,0.683452436788472,1,1,1,0.718218333333333,0.705610254448324,0.699749836639801,0.606156666666667,0.598874288424261,0.600280868047534,0.803575,0.800066041306519,0.796465582613709,0.74478,0.691903097877397,0.688112362478487,0.80918,0.791243818108115,0.793430232629679,1.16515833333333,1.12536751855064,1.1755926395238,0.882585,0.685084077493053,0.683452436788472,0.30297,0.28737404250333,0.287518169287783,0.749768333333333,0.773915006294328,0.773376807702417,0.722671666666667,0.715413816251248,0.717395326851562,NA,NA,NA,0.882585,0.685084077493053,0.683452436788472,1,1,1,0.746785,0.702456331229955,0.700286316997256,0.595648333333333,0.599816240937239,0.59977279812829,0.820143333333333,0.794910920059734,0.800966740901506,0.721988333333333,0.692155391869717,0.688496730833502,0.829038333333333,0.792267453764067,0.798197707535221,0.95835,0.977387959127553,0.977550677613994,0.85298,0.845708814079611,0.841470331133888,0.29092,0.28737404250333,0.287518169287783,0.779246666666667,0.773915006294328,0.773376807702417,0.717706666666667,0.715413816251248,0.717395326851562,0.2513,0.184043114581324,0.184058629407511,0.85298,0.845708814079611,0.841470331133888,1,1,1,0.708326666666667,0.706424443819682,0.698795901626651,0.592165,0.597738922181756,0.602348344791659,0.806415,0.79666771220655,0.798720975983715,0.70759,0.69448231201359,0.69473464286898,0.813093333333333,0.792227872637314,0.791787221981216,0.774125,0.840241978350453,0.840235404537976,0.695688333333333,0.685084077493053,0.683452436788472,0.275696666666667,0.28737404250333,0.287518169287783,0.782318333333333,0.773915006294328,0.773376807702417,0.719576666666667,0.715413816251248,0.717395326851562,0.27844,0.243606086920923,0.243611861946799,0.695688333333333,0.685084077493053,0.683452436788472,1,1,1,0.71565,0.702408536311168,0.701762046137816,0.60363,0.598708766057545,0.598505665611168,0.813913333333333,0.800402321852606,0.798705811850734,0.709233333333333,0.688876107302244,0.691173740771277,0.821175,0.791248572500533,0.797331017527353
"16"," 30","100","unbal","2828",0.71243,0.844291735431798,0.844470259901888,0.674771666666667,0.68376239389157,0.682265674980319,NA,NA,NA,0.928266666666667,0.878686881125241,0.891939127058815,0.740195,0.716987185667157,0.719001749646247,0.309221666666667,0.241453774455627,0.241365134666965,0.674771666666667,0.68376239389157,0.682265674980319,1,1,1,0.725188333333333,0.705413801901862,0.705575100320871,0.624895,0.603381961051912,0.608306354282844,0.808856666666667,0.800160257842018,0.797272337748932,0.757553333333333,0.705948641339448,0.697492890336631,0.819496666666667,0.804803994583527,0.809977488082221,1.16820833333333,1.12302157117065,1.1733464868055,0.886711666666667,0.68376239389157,0.682265674980319,0.29907,0.284153692367439,0.284214641606748,0.750443333333333,0.774164707412277,0.773734245684388,0.724308333333333,0.716987185667157,0.719001749646247,NA,NA,NA,0.886711666666667,0.68376239389157,0.682265674980319,1,1,1,0.757703333333333,0.70511311266724,0.707848221704758,0.613341666666667,0.608307975206651,0.611545484607794,0.82864,0.804212210823073,0.800946372393881,0.7353,0.708824798495518,0.69568352331763,0.845761666666667,0.807509847422892,0.802915183451418,0.954931666666667,0.972577616966945,0.97288941643223,0.85076,0.843253453209579,0.839175144760363,0.287795,0.284153692367439,0.284214641606748,0.779528333333333,0.774164707412277,0.773734245684388,0.719388333333333,0.716987185667157,0.719001749646247,0.252266666666667,0.186922883035775,0.186799280226933,0.85076,0.843253453209579,0.839175144760363,1,1,1,0.715265,0.705840758269813,0.703281177781828,0.610325,0.606031739662224,0.613245863127309,0.81407,0.797914291528828,0.80205413321907,0.718498333333333,0.709608959423814,0.698568782495738,0.82689,0.808331765806846,0.802560380685774,0.773615,0.844291735431798,0.844470259901888,0.695645,0.68376239389157,0.682265674980319,0.272736666666667,0.284153692367439,0.284214641606748,0.782726666666667,0.774164707412277,0.773734245684388,0.72125,0.716987185667157,0.719001749646247,0.279013333333333,0.241453774455627,0.241365134666965,0.695645,0.68376239389157,0.682265674980319,1,1,1,0.72273,0.710095751264687,0.701943102439359,0.622371666666667,0.608254655567263,0.606929783439267,0.821721666666667,0.795471218052042,0.796724218426027,0.720551666666667,0.702711983180703,0.702650437443516,0.835783333333333,0.806325747209608,0.804717870562949
"17","100"," 30","bal","0000",0.762368333333333,0.80059279636608,0.800652926367763,0.702413333333333,0.700367883480228,0.700371398922803,NA,NA,NA,0.918095,0.875646424104429,0.887716441058601,0.713953333333333,0.699738008477483,0.699821723657336,0.321918333333333,0.300120425558408,0.30009577289886,0.702413333333333,0.700367883480228,0.700371398922803,1,1,1,0.721088333333333,0.708787137605936,0.706063306446191,0.617455,0.600375550912126,0.608889426511273,0.809206666666667,0.795051396556262,0.798653333480943,0.712765,0.69019648800328,0.68742756741696,0.811991666666667,0.797478081401904,0.797318737752803,1.22352666666667,1.08569004999708,1.14921496972675,0.923408333333333,0.700367883480228,0.700371398922803,0.326168333333333,0.300802273861489,0.300856693752508,0.75779,0.800465538901629,0.800559679025721,0.700165,0.699738008477483,0.699821723657336,NA,NA,NA,0.923408333333333,0.700367883480228,0.700371398922803,1,1,1,0.726363333333333,0.70523139536581,0.704688778983314,0.616011666666667,0.605049929012135,0.605568323772714,0.812943333333333,0.795520853949114,0.796696946070654,0.708705,0.68530453233014,0.68553514650725,0.815506666666667,0.801444104607919,0.800448687420592,1.00697,1.01021243312185,1.01049957288653,0.88112,0.870994454923387,0.868144009656617,0.316078333333333,0.300802273861489,0.300856693752508,0.79484,0.800465538901629,0.800559679025721,0.697275,0.699738008477483,0.699821723657336,0.278766666666667,0.225835498223373,0.225783045193562,0.88112,0.870994454923387,0.868144009656617,1,1,1,0.72011,0.707135892752251,0.70600016730717,0.61601,0.601012346438378,0.604546513586124,0.811323333333333,0.798302227044031,0.785208527151175,0.706548333333333,0.68564535057733,0.685160562317025,0.813111666666667,0.795487742288819,0.792890488156481,0.80107,0.80059279636608,0.800652926367763,0.701128333333333,0.700367883480228,0.700371398922803,0.30088,0.300802273861489,0.300856693752508,0.800768333333333,0.800465538901629,0.800559679025721,0.700253333333333,0.699738008477483,0.699821723657336,0.299948333333333,0.300120425558408,0.30009577289886,0.701128333333333,0.700367883480228,0.700371398922803,1,1,1,0.721151666666667,0.706748733567374,0.707776218770436,0.617495,0.605609859263711,0.609253516101451,0.812476666666667,0.798839788748371,0.794665075778711,0.706831666666667,0.687628195219093,0.686875137025481,0.814268333333333,0.795749420349483,0.796908524318135
"18","100"," 30","bal","0028",0.762441666666667,0.803815963766854,0.803883712459592,0.702451666666667,0.700807670236465,0.700781872192162,NA,NA,NA,0.91603,0.874121844428501,0.886113762563177,0.713091666666667,0.69882185747528,0.698895486411681,0.32274,0.299683183546588,0.299669629210075,0.702451666666667,0.700807670236465,0.700781872192162,1,1,1,0.733241666666667,0.703347455061748,0.707950251185606,0.634766666666667,0.618012110405733,0.619395098424646,0.8318,0.804794057022475,0.802547524727112,0.742131666666667,0.714878413122678,0.719056778620325,0.850115,0.824153547730228,0.821343250075844,1.22672166666667,1.08712174335656,1.15064709881067,0.92542,0.700807670236465,0.700781872192162,0.326386666666667,0.300999218756635,0.301016161498541,0.756255,0.799188202265571,0.799247349046465,0.69926,0.69882185747528,0.698895486411681,NA,NA,NA,0.92542,0.700807670236465,0.700781872192162,1,1,1,0.739325,0.715163659779787,0.704255956902244,0.633295,0.620853927837165,0.615425377394659,0.836495,0.802883862585831,0.805363608456815,0.737335,0.709268808177499,0.720939603353372,0.854538333333333,0.818475767445847,0.817722891036943,1.006035,1.00921308404335,1.00947582052138,0.880271666666667,0.870395814137452,0.86752221386941,0.316358333333333,0.300999218756635,0.301016161498541,0.793618333333333,0.799188202265571,0.799247349046465,0.696418333333333,0.69882185747528,0.698895486411681,0.279813333333333,0.227320217015156,0.227242535808946,0.880271666666667,0.870395814137452,0.86752221386941,1,1,1,0.731635,0.699047929246076,0.714881045061099,0.633265,0.614974316895343,0.621671208347917,0.83443,0.802655626998643,0.80474483260732,0.734473333333333,0.717649315110307,0.721058516645418,0.851465,0.821252851930605,0.823878091154916,0.802248333333333,0.803815963766854,0.803883712459592,0.70212,0.700807670236465,0.700781872192162,0.301236666666667,0.300999218756635,0.301016161498541,0.799461666666667,0.799188202265571,0.799247349046465,0.69934,0.69882185747528,0.698895486411681,0.300628333333333,0.299683183546588,0.299669629210075,0.70212,0.700807670236465,0.700781872192162,1,1,1,0.732888333333333,0.711303687272908,0.705978919870753,0.635238333333333,0.617974967177066,0.614528656766923,0.835885,0.806125307474546,0.799406911927888,0.734925,0.717417977417664,0.718517721336769,0.852921666666667,0.81803870166282,0.825521693826523
"19","100"," 30","bal","2800",0.761286666666667,0.798084480160621,0.797929954986097,0.70199,0.700168171679682,0.700109802877602,NA,NA,NA,0.917551666666667,0.874852298051928,0.887183985973033,0.716228333333333,0.701647322700399,0.701907048095989,0.322893333333333,0.301213264719304,0.301251425914293,0.70199,0.700168171679682,0.700109802877602,1,1,1,0.718148333333333,0.704407900301073,0.700138016897391,0.622448333333333,0.61215720017644,0.61077476775551,0.802995,0.785953673609605,0.787477212127129,0.720873333333333,0.695199253450889,0.697908173516673,0.81758,0.796913095748673,0.802172144749195,1.22571333333333,1.083310883979,1.14755305655006,0.925626666666667,0.700168171679682,0.700109802877602,0.324386666666667,0.299277900965155,0.299389845059852,0.759228333333333,0.800717943093341,0.800986079613963,0.702728333333333,0.701647322700399,0.701907048095989,NA,NA,NA,0.925626666666667,0.700168171679682,0.700109802877602,1,1,1,0.72336,0.699632818898646,0.696552437199092,0.620965,0.606096385833751,0.608945903808751,0.806335,0.780236610428466,0.788955617433779,0.717061666666667,0.702874581495738,0.701781921127266,0.821321666666667,0.796421427890093,0.789826352568049,1.00602333333333,1.00948950474539,1.00977446437915,0.881798333333333,0.871192121872588,0.868378267750807,0.3148,0.299277900965155,0.299389845059852,0.7955,0.800717943093341,0.800986079613963,0.699538333333333,0.701647322700399,0.701907048095989,0.28001,0.226428572391954,0.226323234769467,0.881798333333333,0.871192121872588,0.868378267750807,1,1,1,0.71723,0.699071773540112,0.703776943474319,0.621001666666667,0.605350076104094,0.608589497370208,0.804793333333333,0.78719773684255,0.78383018791388,0.714913333333333,0.701078284359969,0.699823306683237,0.818916666666667,0.80106216648134,0.794124742153545,0.798303333333333,0.798084480160621,0.797929954986097,0.699726666666667,0.700168171679682,0.700109802877602,0.299465,0.299277900965155,0.299389845059852,0.801395,0.800717943093341,0.800986079613963,0.702413333333333,0.701647322700399,0.701907048095989,0.301326666666667,0.301213264719304,0.301251425914293,0.699726666666667,0.700168171679682,0.700109802877602,1,1,1,0.718255,0.701982985928288,0.705462943614904,0.622521666666667,0.608981048658241,0.613041296365015,0.805931666666667,0.789241064528449,0.794860092798144,0.715278333333333,0.700161918521091,0.698332182076673,0.820106666666667,0.795199249952623,0.79799641928791
"20","100"," 30","bal","2828",0.763376666666667,0.796207000146031,0.796140150074412,0.70302,0.699749684397422,0.699830805432531,NA,NA,NA,0.91461,0.872861211738529,0.884958307557239,0.713806666666667,0.699461289002612,0.699598137527528,0.320106666666667,0.29995962077592,0.299988968883262,0.70302,0.699749684397422,0.699830805432531,1,1,1,0.725965,0.703528505071942,0.700406649828059,0.631793333333333,0.608592678965115,0.608273897215896,0.832146666666667,0.79968550819839,0.808633782665893,0.728488333333333,0.684874741205536,0.683830986433362,0.856493333333333,0.826434294847986,0.824804334720997,1.22355833333333,1.08235443452338,1.14631532146393,0.924668333333333,0.699749684397422,0.699830805432531,0.324951666666667,0.299694187831086,0.299767904459849,0.756906666666667,0.798979645257313,0.799171864847848,0.699983333333333,0.699461289002612,0.699598137527528,NA,NA,NA,0.924668333333333,0.699749684397422,0.699830805432531,1,1,1,0.731871666666667,0.698573874024107,0.698049029986472,0.629846666666667,0.608435550854657,0.615038775465428,0.836208333333333,0.809489215275129,0.804278776243611,0.723955,0.689677081860528,0.685529432312344,0.861351666666667,0.813973205563841,0.825007704615317,1.00662166666667,1.00930933249068,1.00967349682483,0.881436666666667,0.870860110518201,0.868104633315168,0.3152,0.299694187831086,0.299767904459849,0.793428333333333,0.798979645257313,0.799171864847848,0.697141666666667,0.699461289002612,0.699598137527528,0.27761,0.225167016922592,0.225076109538742,0.881436666666667,0.870860110518201,0.868104633315168,1,1,1,0.724603333333333,0.706760636555107,0.711299908615551,0.629728333333333,0.613422138283177,0.609316589526785,0.834023333333333,0.801402411278398,0.80402650265035,0.721111666666667,0.689406140529757,0.695442473928399,0.857793333333333,0.82168044923883,0.826740311856581,0.799708333333333,0.796207000146031,0.796140150074412,0.700296666666667,0.699749684397422,0.699830805432531,0.300013333333333,0.299694187831086,0.299767904459849,0.799315,0.798979645257313,0.799171864847848,0.700135,0.699461289002612,0.699598137527528,0.298648333333333,0.29995962077592,0.299988968883262,0.700296666666667,0.699749684397422,0.699830805432531,1,1,1,0.725801666666667,0.699074462136973,0.694663775232855,0.63159,0.604759632667817,0.612343991526981,0.835515,0.798395288859438,0.805115390704912,0.721643333333333,0.680739077672277,0.685344177358183,0.859226666666667,0.8259178904578,0.819654590101991
"21","100"," 30","unbal","0000",0.707203020134228,0.843344154502152,0.843300801252459,0.669585570469799,0.680851550019664,0.679168898993113,NA,NA,NA,0.930325503355705,0.878163656199159,0.891599680180851,0.739845637583893,0.715807119302446,0.717940132615025,0.313325503355705,0.245415856360346,0.245443287013425,0.669585570469799,0.680851550019664,0.679168898993113,1,1,1,0.754229865771812,0.67112734660707,0.676278809759218,0.642157718120805,0.609357057597463,0.584721786253039,1.06192281879195,0.762268026508711,0.756809335844462,0.763119127516779,0.713108363275378,0.700688576020571,0.822907718120805,0.774913835295796,0.767563465513984,1.17566499162479,1.12625342989588,1.17725200491344,0.887589614740368,0.680851550019664,0.679168898993113,0.301190954773869,0.285932555412885,0.285941293349445,0.751830820770519,0.775377080502816,0.775206647448247,0.723532663316583,0.715807119302446,0.717940132615025,NA,NA,NA,0.887589614740368,0.680851550019664,0.679168898993113,1,1,1,0.762909547738693,0.6669183500756,0.676120361473981,0.638579564489112,0.571397384051732,0.575996141249022,1.13020938023451,0.778356086368206,0.773988761191176,0.757914572864322,0.711149598876814,0.714852135297424,0.830393634840871,0.781221314115448,0.776480343867175,0.957959798994975,0.974930858351207,0.975168100291202,0.851366834170854,0.842892975604314,0.838912416054004,0.289581239530988,0.285932555412885,0.285941293349445,0.781572864321608,0.775377080502816,0.775206647448247,0.719001675041876,0.715807119302446,0.717940132615025,0.255557788944724,0.189710917096001,0.189717058312681,0.851366834170854,0.842892975604314,0.838912416054004,1,1,1,0.747745393634841,0.682014655834884,0.680906612072032,0.636308207705193,0.609507791375171,0.579800753808717,1.1142797319933,0.765648378785247,0.755674738930477,0.751108877721943,0.693950334812364,0.717284165698646,0.824268006700168,0.767180523593414,0.781826128293478,0.77392797319933,0.843344154502152,0.843300801252459,0.694189279731993,0.680851550019664,0.679168898993113,0.274132328308208,0.285932555412885,0.285941293349445,0.784963149078727,0.775377080502816,0.775206647448247,0.720904522613065,0.715807119302446,0.717940132615025,0.282102177554439,0.245415856360346,0.245443287013425,0.694189279731993,0.680851550019664,0.679168898993113,1,1,1,0.749815745393635,0.693272795815664,0.671174665800968,0.641820770519263,0.576751665286811,0.625954125299227,1.10640033500838,0.77513337469226,0.759427752546427,0.752110552763819,0.704928614342223,0.703978029058248,0.827329983249581,0.773339236173572,0.780344976920751
"22","100"," 30","unbal","0028",0.712894472361809,0.881727590647191,0.88186026236231,0.674077051926298,0.684247923431199,0.682588319744593,NA,NA,NA,0.929284757118928,0.876822469180851,0.890359483810332,0.740398659966499,0.716149729129131,0.718465636380449,0.310058626465662,0.222938322415199,0.22281928942316,0.674077051926298,0.684247923431199,0.682588319744593,1,1,1,0.765304857621441,0.685272625707357,0.691927945413248,0.690348408710218,0.622903740897212,0.626988561087088,0.908058626465662,0.783064874033866,0.790414481483988,0.772180904522613,0.698685976040492,0.68317019382358,0.988681742043551,0.812171558934794,0.821365672938541,1.17522651006711,1.12159169970739,1.17120061932118,0.887944630872483,0.684247923431199,0.68261819891646,0.304057046979866,0.288180291206014,0.288431506842202,0.749305369127517,0.772785469711769,0.772430719682015,0.72478355704698,0.716149729129131,0.718416285379959,NA,NA,NA,0.887944630872483,0.684247923431199,0.68261819891646,1,1,1,0.781063758389262,0.699457279897925,0.690862849316398,0.682815436241611,0.618877900383495,0.625839173135205,0.915417785234899,0.779616260094183,0.815772187555446,0.762015100671141,0.687133759422003,0.680717515456119,0.920379194630872,0.806044112183041,0.800398860904024,0.960909547738693,0.977508476214967,0.977862449277276,0.852366834170854,0.843825190200736,0.839762238520958,0.292112227805695,0.288180291206014,0.288431506842202,0.779659966499162,0.772785469711769,0.772430719682015,0.719827470686767,0.716149729129131,0.718416285379959,0.252324958123953,0.186036483476925,0.185879323350789,0.852366834170854,0.843825190200736,0.839762238520958,1,1,1,0.7652797319933,0.686257421096759,0.696676600843262,0.681696817420436,0.613645130802367,0.628885095515752,0.900314907872697,0.801723894520665,0.792341155263755,0.755715242881072,0.689145535617263,0.691171299868401,0.996874371859297,0.801327367124608,0.813621711923547,0.780964765100671,0.881727590647191,0.881878770057277,0.699302013422819,0.684247923431199,0.68261819891646,0.276590604026846,0.288180291206014,0.288431506842202,0.782842281879195,0.772785469711769,0.772430719682015,0.721689597315436,0.716149729129131,0.718416285379959,0.27836744966443,0.222938322415199,0.222832276218054,0.699302013422819,0.684247923431199,0.68261819891646,1,1,1,0.768895973154362,0.70812717909487,0.689925312146004,0.688494966442953,0.609687960017326,0.618821194808571,0.905426174496644,0.781761614530617,0.784440947155132,0.759508389261745,0.683544911851768,0.687765374703519,0.920310402684564,0.796113473437588,0.80284771157896
"23","100"," 30","unbal","2800",0.709846153846154,0.842641433214063,0.842376578035662,0.671782608695652,0.681265232391429,0.679786333645365,NA,NA,NA,0.933225752508361,0.879480345149062,0.893206440710323,0.741459866220736,0.717268819472477,0.719413184168882,0.311254180602007,0.242603330501851,0.242690434075829,0.671782608695652,0.681265232391429,0.679786333645365,1,1,1,0.819158862876254,0.696619630437696,0.687626579787525,0.68083110367893,0.582417148828833,0.582380717767594,1.02332943143813,0.785020503108953,0.763632345929769,1.01141471571906,0.682348519563568,0.70536025348736,1.28705351170569,0.808721091514576,0.807564505064104,1.1681608040201,1.11452777372577,1.16566633364879,0.883301507537688,0.681265232391429,0.679786333645365,0.302899497487437,0.287098691877491,0.287294710188148,0.753093802345059,0.775872983127557,0.775675690954211,0.725462311557789,0.717268819472477,0.719413184168882,NA,NA,NA,0.883301507537688,0.681265232391429,0.679786333645365,1,1,1,0.759758793969849,0.690820426299222,0.720234654900238,0.622420435510888,0.595008878237051,0.61616812388118,0.945765494137353,0.769624126717405,0.756974235015516,0.91056783919598,0.708467145398343,0.693041988022134,1.02086097152429,0.804851461672039,0.791014964849587,0.959810720268007,0.978346887262706,0.978553566907932,0.853155778894472,0.843923819833675,0.839985884735679,0.291490787269682,0.287098691877491,0.287294710188148,0.782117252931323,0.775872983127557,0.775675690954211,0.720259631490787,0.717268819472477,0.719413184168882,0.253281407035176,0.184481759808255,0.184501265878709,0.853155778894472,0.843923819833675,0.839985884735679,1,1,1,0.792723618090452,0.73234507278781,0.68784956316944,0.662313232830821,0.581380781820905,0.583887009714301,1.00096314907873,0.780303509694452,0.786045919409453,0.979782244556114,0.70556086458318,0.714695532995319,1.29986934673367,0.804552017514327,0.799918558189657,0.771770519262982,0.842641433214063,0.842376578035662,0.692303182579564,0.681265232391429,0.679786333645365,0.275904522613065,0.287098691877491,0.287294710188148,0.785427135678392,0.775872983127557,0.775675690954211,0.722036850921273,0.717268819472477,0.719413184168882,0.280683417085427,0.242603330501851,0.242690434075829,0.692303182579564,0.681265232391429,0.679786333645365,1,1,1,0.799604690117253,0.701736526030075,0.705530336462706,0.669840871021776,0.592635277686679,0.574247647755342,1.00119932998325,0.782468007812251,0.773711146555986,0.973189279731993,0.693080718742768,0.689153702951675,1.32087939698492,0.805179421291244,0.794738887837863
"24","100"," 30","unbal","2828",0.711921535893155,0.859381702295835,0.859319188213632,0.675871452420701,0.681243460659945,0.680276841343823,NA,NA,NA,0.931357262103506,0.878838977375519,0.892635299257803,0.739514190317195,0.71611656485493,0.718239762333198,0.311597662771285,0.234214182309341,0.234216405927611,0.675871452420701,0.681243460659945,0.680276841343823,1,1,1,1.0539632721202,0.706150319694131,0.723402130886881,0.716013355592654,0.628817702654187,0.628440220645893,1.09213522537563,0.824280967035015,0.843133907596969,0.818726210350584,0.718895360862501,0.720401729746913,0.955831385642738,0.825379794745963,0.805553618655937,1.16790651085142,1.10607611223178,1.15824084009252,0.88642570951586,0.681243460659945,0.680241881206739,0.303130217028381,0.286039648650576,0.286345700572825,0.753585976627713,0.777275562894175,0.777142004361424,0.723886477462437,0.71611656485493,0.718217318535819,NA,NA,NA,0.88642570951586,0.681243460659945,0.680241881206739,1,1,1,0.858385642737897,0.706193514074921,0.731928193747922,0.713290484140234,0.604452748732412,0.639590241680405,1.10383138564274,0.825634930481838,0.837413326204861,0.81793489148581,0.740600782495446,0.728078288304847,1.21610851419032,0.825957058278493,0.815663140974253,0.959608333333333,0.975380326166423,0.975869117869673,0.856111666666667,0.845355175929562,0.841679895136843,0.292003333333333,0.286039648650576,0.286427909589708,0.782805,0.777275562894175,0.777065283862628,0.71912,0.71611656485493,0.718239762333198,0.25497,0.187747582506594,0.187540550416705,0.856111666666667,0.845355175929562,0.841679895136843,1,1,1,1.02365166666667,0.744877295518732,0.707829057711634,0.707031666666667,0.624951267469365,0.628318939274628,1.06172166666667,0.828395196987274,0.848265287663339,0.802096666666667,0.734053968246038,0.718183009771246,0.938808333333333,0.813126770755281,0.821287934177381,0.769846666666667,0.859381702295835,0.859319188213632,0.693198333333333,0.681243460659945,0.680276841343823,0.276388333333333,0.286039648650576,0.286427909589708,0.786251666666667,0.777275562894175,0.777065283862628,0.721078333333333,0.71611656485493,0.718239762333198,0.282113333333333,0.234214182309341,0.234216405927611,0.693198333333333,0.681243460659945,0.680276841343823,1,1,1,1.049875,0.723158608980249,0.718339929415748,0.713135,0.624670679775589,0.640427248794413,1.08239166666667,0.835766127905017,0.844356855452639,0.804636666666667,0.718321430351602,0.724486030796401,0.94344,0.818684212813615,0.811498033052295
"25","100","100","bal","0000",0.757833333333333,0.799232308719446,0.799219393339247,0.698621666666667,0.698134127924453,0.698173932720967,NA,NA,NA,0.914591666666667,0.873572470615634,0.885517251573346,0.713603333333333,0.699402883729584,0.699514564214991,0.322225,0.299761221992616,0.299774718451235,0.698621666666667,0.698134127924453,0.698173932720967,1,1,1,0.702041666666667,0.699209197643784,0.697957467286911,0.60423,0.600884427564648,0.601554046720087,0.809853333333333,0.806106019897413,0.803260050788909,0.710125,0.701666404408292,0.699047935398632,0.805463333333333,0.804257588430643,0.806627088932007,1.220265,1.08329458979654,1.14748109300564,0.921943333333333,0.698134127924453,0.698173932720967,0.325578333333333,0.300015883035743,0.300010299282153,0.756358333333333,0.799286906675667,0.79934584755629,0.699808333333333,0.699402883729584,0.699514564214991,NA,NA,NA,0.921943333333333,0.698134127924453,0.698173932720967,1,1,1,0.706658333333333,0.696600742135687,0.695440019202389,0.603035,0.600320896966215,0.600017294450498,0.813245,0.804323796027334,0.809122764094156,0.706658333333333,0.703725115110383,0.700872609609121,0.808778333333333,0.808553119776594,0.804450020899314,1.00467333333333,1.00825752316329,1.0084982388141,0.87959,0.87004778172014,0.867138044751434,0.315401666666667,0.300015883035743,0.300010299282153,0.793445,0.799286906675667,0.79934584755629,0.69668,0.699402883729584,0.699514564214991,0.279391666666667,0.226317678887138,0.226249837952225,0.87959,0.87004778172014,0.867138044751434,1,1,1,0.701093333333333,0.696096795428974,0.699743450200617,0.602896666666667,0.601028578061648,0.603266935357557,0.811725,0.809468768800998,0.806807027882515,0.704585,0.700720013177943,0.700971783103741,0.806608333333333,0.802929085183581,0.803953382678661,0.797911666666667,0.799232308719446,0.799219393339247,0.698701666666667,0.698134127924453,0.698173932720967,0.30001,0.300015883035743,0.300010299282153,0.799428333333333,0.799286906675667,0.79934584755629,0.69966,0.699402883729584,0.699514564214991,0.300468333333333,0.299761221992616,0.299774718451235,0.698701666666667,0.698134127924453,0.698173932720967,1,1,1,0.702033333333333,0.696668706225381,0.698743755944463,0.604258333333333,0.599811795200217,0.601325147647673,0.812756666666667,0.804971313977885,0.804799627759296,0.704828333333333,0.703023599221365,0.703941272832529,0.807661666666667,0.804079406882532,0.80418699157238
"26","100","100","bal","0028",0.764038333333333,0.799665847321883,0.799715578090403,0.703916666666667,0.700356605305412,0.700618315964469,NA,NA,NA,0.914948333333333,0.874048300149318,0.88597331570267,0.713893333333333,0.699899914252083,0.699931485754548,0.321165,0.300356523734579,0.300322269241107,0.703916666666667,0.700356605305412,0.700618315964469,1,1,1,0.710388333333333,0.699369318295258,0.702884939977169,0.610236666666667,0.605897306802183,0.603918394976977,0.806128333333333,0.802471360275461,0.797183965072911,0.717941666666667,0.703768608837566,0.70497484953559,0.801196666666667,0.795361670445923,0.792633577516548,1.22410666666667,1.08507947801305,1.14936581113945,0.924876666666667,0.700356605305412,0.700618315964469,0.325053333333333,0.299611169425463,0.299627923106476,0.756608333333333,0.799568181256519,0.799597331721645,0.700111666666667,0.699899914252083,0.699931485754548,NA,NA,NA,0.924876666666667,0.700356605305412,0.700618315964469,1,1,1,0.715203333333333,0.701753589190038,0.702991976922324,0.608993333333333,0.60959943744779,0.604686411282554,0.809573333333333,0.800901297771091,0.801167350727394,0.71421,0.700411932315173,0.704734934448321,0.804575,0.791984398872294,0.793014508932371,1.00638166666667,1.00992116525155,1.01013912894009,0.881073333333333,0.871567694166406,0.868698322293215,0.315075,0.299611169425463,0.299627923106476,0.7935,0.799568181256519,0.799597331721645,0.697083333333333,0.699899914252083,0.699931485754548,0.278923333333333,0.226464099916927,0.226383524295425,0.881073333333333,0.871567694166406,0.868698322293215,1,1,1,0.709398333333333,0.702994406926819,0.702844468801314,0.608805,0.606259813399382,0.605419327699739,0.808073333333333,0.799501751206459,0.80198175977107,0.71202,0.705059353326584,0.704150704574751,0.802313333333333,0.792263014189534,0.792819523341849,0.800105,0.799665847321883,0.799715578090403,0.700581666666667,0.700356605305412,0.700618315964469,0.300011666666667,0.299611169425463,0.299627923106476,0.799423333333333,0.799568181256519,0.799597331721645,0.700033333333333,0.699899914252083,0.699931485754548,0.299916666666667,0.300356523734579,0.300322269241107,0.700581666666667,0.700356605305412,0.700618315964469,1,1,1,0.710393333333333,0.70688800238663,0.704584295422159,0.61022,0.604620124781399,0.602024275963304,0.809151666666667,0.799611075280611,0.804894712805127,0.712301666666667,0.708776295944234,0.703720797023008,0.80338,0.793837150573476,0.79700838698445
"27","100","100","bal","2800",0.760796666666667,0.800599896338674,0.80044165842353,0.70027,0.699544796391876,0.699523855890485,NA,NA,NA,0.914781666666667,0.874033747307472,0.8859652432657,0.714308333333333,0.700323056066263,0.700396932389192,0.321193333333333,0.299223709550204,0.299273342422228,0.70027,0.699544796391876,0.699523855890485,1,1,1,0.70086,0.697772324542866,0.694469000147428,0.602581666666667,0.597704225986768,0.59769893057914,0.797708333333333,0.795900711331465,0.796215951354164,0.70703,0.697909735306495,0.697527258213259,0.799298333333333,0.796517614437113,0.793351811761738,1.224435,1.08503312733755,1.14913522394781,0.92415,0.699544796391876,0.699523855890485,0.324593333333333,0.299306037121753,0.29932062520234,0.757058333333333,0.799669952459823,0.799768235426487,0.700678333333333,0.700323056066263,0.700396932389192,NA,NA,NA,0.92415,0.699544796391876,0.699523855890485,1,1,1,0.705268333333333,0.694934731705712,0.697447439660862,0.601365,0.599292939392541,0.596889997442265,0.800895,0.793943381433205,0.79859802343667,0.703551666666667,0.698832086221142,0.696845458294583,0.802508333333333,0.795505779930204,0.794676135934512,1.005595,1.00926287532181,1.00946024693205,0.879751666666667,0.870313401281536,0.867380127278826,0.3147,0.299306037121753,0.29932062520234,0.793963333333333,0.799669952459823,0.799768235426487,0.697638333333333,0.700323056066263,0.700396932389192,0.278826666666667,0.226009438653508,0.225931733504726,0.879751666666667,0.870313401281536,0.867380127278826,1,1,1,0.699903333333333,0.694356730314218,0.695587753994225,0.601246666666667,0.597054438378399,0.597690931575315,0.799588333333333,0.797424656249475,0.794920227874959,0.701511666666667,0.696915756113859,0.696084158717751,0.800415,0.796150438917507,0.79643764634686,0.799701666666667,0.800599896338674,0.80044165842353,0.699591666666667,0.699544796391876,0.699523855890485,0.299548333333333,0.299306037121753,0.29932062520234,0.799816666666667,0.799669952459823,0.799768235426487,0.700541666666667,0.700323056066263,0.700396932389192,0.299711666666667,0.299223709550204,0.299273342422228,0.699591666666667,0.699544796391876,0.699523855890485,1,1,1,0.700815,0.694208470763146,0.699100354238666,0.60258,0.599255070964273,0.599664162952408,0.800621666666667,0.791719424141012,0.79688917446633,0.701756666666667,0.696361368895588,0.698232260998104,0.801423333333333,0.796108209547602,0.797519091174266
"28","100","100","bal","2828",0.762735,0.798528947986298,0.798573161928515,0.701993333333333,0.699846514999534,0.699960806436134,NA,NA,NA,0.916231666666667,0.874391520450786,0.886366175489948,0.713776666666667,0.699365970250774,0.699459524427001,0.321601666666667,0.301013335084549,0.301026299906943,0.701993333333333,0.699846514999534,0.699960806436134,1,1,1,0.715401666666667,0.708982951935664,0.707488306215348,0.616991666666667,0.60908310695418,0.612307526522239,0.807371666666667,0.801817173190402,0.807300842134923,0.72748,0.714756247606866,0.716011352766007,0.816418333333333,0.810252821501052,0.811125716149465,1.22405833333333,1.0854872856378,1.149736664462,0.923791666666667,0.699846514999534,0.699960806436134,0.325313333333333,0.300380727674736,0.300430796464092,0.757103333333333,0.799854252075942,0.799920299528733,0.699578333333333,0.699365970250774,0.699459524427001,NA,NA,NA,0.923791666666667,0.699846514999534,0.699960806436134,1,1,1,0.720258333333333,0.709393573608952,0.709935504905142,0.615703333333333,0.605469129539678,0.612085924564576,0.81091,0.802007703595969,0.7994668079398,0.723735,0.715715500485903,0.719200477387204,0.820016666666667,0.804070360874079,0.805596669428124,1.00678166666667,1.01026980671376,1.01050442258926,0.88022,0.870684999604591,0.867830836055402,0.315251666666667,0.300380727674736,0.300430796464092,0.794115,0.799854252075942,0.799920299528733,0.696658333333333,0.699365970250774,0.699459524427001,0.27885,0.226366992309786,0.226377416102817,0.88022,0.870684999604591,0.867830836055402,1,1,1,0.714385,0.703885403200531,0.710710529115959,0.615455,0.614050054154519,0.612435401480993,0.809351666666667,0.80435673086201,0.801228301538856,0.721496666666667,0.714197450401161,0.715228482038573,0.817663333333333,0.808482946827586,0.810639790384292,0.800741666666667,0.798528947986298,0.798573161928515,0.700116666666667,0.699846514999534,0.699960806436134,0.300086666666667,0.300380727674736,0.300430796464092,0.800105,0.799854252075942,0.799920299528733,0.699646666666667,0.699365970250774,0.699459524427001,0.299876666666667,0.301013335084549,0.301026299906943,0.700116666666667,0.699846514999534,0.699960806436134,1,1,1,0.715433333333333,0.705270082706374,0.705535351809492,0.616925,0.609611857532717,0.609974200099896,0.810491666666667,0.801716881432091,0.798723728138025,0.721798333333333,0.718530648788568,0.716325876271343,0.81877,0.808717658081209,0.807168992570734
"29","100","100","unbal","0000",0.710066666666667,0.845913697019815,0.846012664683768,0.673513333333333,0.687334563229458,0.685647729820316,NA,NA,NA,0.930631666666667,0.88226996917027,0.895159150645497,0.738595,0.716626543988539,0.718336497342683,0.308526666666667,0.241556573554148,0.241529503193229,0.673513333333333,0.687334563229458,0.685647729820316,1,1,1,0.710143333333333,0.702902384708427,0.702253265417007,0.61042,0.607836176078286,0.604007826785011,0.803465,0.798876077773933,0.795639029324031,0.719158333333333,0.701681298019905,0.696930251128307,0.813895,0.80705448647487,0.807500776108629,1.16713333333333,1.13127029253553,1.18143498075285,0.885896666666667,0.687334563229458,0.685647729820316,0.302575,0.286129087844804,0.286217662335671,0.75146,0.777008966555452,0.776349526731903,0.72283,0.716626543988539,0.718336497342683,NA,NA,NA,0.885896666666667,0.687334563229458,0.685647729820316,1,1,1,0.71762,0.69787379624759,0.704109637796499,0.60695,0.603274635819247,0.604125661782423,0.808538333333333,0.800908191816547,0.7952274972991,0.711683333333333,0.701529930822113,0.702185671343408,0.819231666666667,0.809686819751561,0.807309005678316,0.956865,0.975344143966232,0.975385637443394,0.85243,0.846686921603669,0.842376691798551,0.290313333333333,0.286129087844804,0.286217662335671,0.781523333333333,0.777008966555452,0.776349526731903,0.718256666666667,0.716626543988539,0.718336497342683,0.25151,0.186466786586377,0.186462187731482,0.85243,0.846686921603669,0.842376691798551,1,1,1,0.706926666666667,0.700712025637576,0.701779121429954,0.606086666666667,0.607119929904375,0.60366045931384,0.805408333333333,0.798690045520743,0.792494497479525,0.707598333333333,0.701689502207328,0.700260382529335,0.815151666666667,0.806832835404533,0.807657624153986,0.776715,0.845913697019815,0.846012664683768,0.698485,0.687334563229458,0.685647729820316,0.275298333333333,0.286129087844804,0.286217662335671,0.784436666666667,0.777008966555452,0.776349526731903,0.720056666666667,0.716626543988539,0.718336497342683,0.277605,0.241556573554148,0.241529503193229,0.698485,0.687334563229458,0.685647729820316,1,1,1,0.709286666666667,0.698604684797615,0.701575750130971,0.609581666666667,0.600044076967556,0.604846573489284,0.807728333333333,0.792898726792855,0.796283813174842,0.708631666666667,0.698248733564708,0.699245727581555,0.817683333333333,0.805936126028104,0.806536247641711
"30","100","100","unbal","0028",0.709941666666667,0.84155890926632,0.841575984766562,0.67191,0.68610370706182,0.684210260602434,NA,NA,NA,0.929331666666667,0.880382850700186,0.893511358509743,0.738596666666667,0.716489836137049,0.718204407392043,0.310898333333333,0.244785558908952,0.244790337105137,0.67191,0.68610370706182,0.684210260602434,1,1,1,0.730346666666667,0.719511048124804,0.712311236614946,0.624156666666667,0.61419629401373,0.615445958122883,0.815163333333333,0.800758898302415,0.802904931294435,0.734145,0.715461060533561,0.718470063989674,0.815986666666667,0.805619392742606,0.804728456107843,1.17064333333333,1.12857157584081,1.17952041182752,0.886356666666667,0.68610370706182,0.684210260602434,0.301313333333333,0.28576798493768,0.285823638537049,0.751245,0.775723138588347,0.77526560271504,0.722425,0.716489836137049,0.718204407392043,NA,NA,NA,0.886356666666667,0.68610370706182,0.684210260602434,1,1,1,0.738693333333333,0.716377547334023,0.717671844897004,0.620523333333333,0.616891058357508,0.611043410437299,0.820733333333333,0.805617361578171,0.810842638135109,0.726118333333333,0.715316167098587,0.716826728722011,0.82186,0.802427801615096,0.804221129657445,0.95934,0.977545938580402,0.977649433565482,0.85311,0.846427002464357,0.842213981704309,0.289621666666667,0.28576798493768,0.285823638537049,0.781103333333333,0.775723138588347,0.77526560271504,0.718061666666667,0.716489836137049,0.718204407392043,0.253623333333333,0.187558298082478,0.187527232448204,0.85311,0.846427002464357,0.842213981704309,1,1,1,0.726945,0.709714422095725,0.714196591197544,0.619673333333333,0.610734183949711,0.612239182485628,0.817341666666667,0.808501362450233,0.808125826921017,0.721591666666667,0.712087801527821,0.711421906744977,0.81747,0.805988371545476,0.804915380775572,0.775585,0.84155890926632,0.841575984766562,0.6961,0.68610370706182,0.684210260602434,0.274341666666667,0.28576798493768,0.285823638537049,0.784126666666667,0.775723138588347,0.77526560271504,0.719968333333333,0.716489836137049,0.718204407392043,0.280103333333333,0.244785558908952,0.244790337105137,0.6961,0.68610370706182,0.684210260602434,1,1,1,0.72957,0.718954789423748,0.712689764908521,0.623405,0.614548847135503,0.608525448304323,0.819861666666667,0.809353842636733,0.812721751714512,0.722726666666667,0.713638888938534,0.715752400355235,0.820045,0.811260394222219,0.805856523647636
"31","100","100","unbal","2800",0.709265,0.844639205318277,0.844810793033924,0.672225,0.687465125937021,0.685549197017099,NA,NA,NA,0.930853333333333,0.882085433850343,0.895137727219541,0.739821666666667,0.71746390813276,0.719347675863461,0.310173333333333,0.243270615141613,0.243194593192433,0.672225,0.687465125937021,0.685549197017099,1,1,1,0.704301666666667,0.699430460287604,0.6987468867373,0.604863333333333,0.601010949606756,0.595312245392747,0.803225,0.795463771261897,0.796117865769404,0.708631666666667,0.694388078326129,0.692363896862326,0.807575,0.799011167970055,0.798256407961689,1.17054833333333,1.13057590383571,1.18150894187899,0.886691666666667,0.687465125937021,0.685549197017099,0.301985,0.286267963126434,0.286333286083505,0.752148333333333,0.776889573280555,0.776390430683378,0.724248333333333,0.71746390813276,0.719347675863461,NA,NA,NA,0.886691666666667,0.687465125937021,0.685549197017099,1,1,1,0.711738333333333,0.696530310402269,0.703461367444992,0.601383333333333,0.597788492646498,0.59762532636517,0.807816666666667,0.800815793552255,0.796546951869231,0.701131666666667,0.692368822110164,0.691481849638218,0.812465,0.801321777148312,0.800828138033775,0.95699,0.975830307656328,0.975842548364568,0.852093333333333,0.84613102134535,0.841841751407199,0.290096666666667,0.286267963126434,0.286333286083505,0.781733333333333,0.776889573280555,0.776390430683378,0.7192,0.717463908132761,0.719347675863461,0.253063333333333,0.187329872451502,0.187358073391283,0.852093333333333,0.84613102134535,0.841841751407199,1,1,1,0.701213333333333,0.694518106845406,0.695922165043327,0.600685,0.602525227415012,0.597162862893379,0.804836666666667,0.797646025787106,0.799700004032434,0.697026666666667,0.696312817344944,0.696967565960063,0.808443333333333,0.801397544810185,0.799641509249333,0.77634,0.844639205318277,0.844810793033924,0.697553333333333,0.687465125937021,0.685549197017099,0.275103333333333,0.286267963126434,0.286333286083505,0.784666666666667,0.776889573280555,0.776390430683378,0.721056666666667,0.71746390813276,0.719347675863461,0.279153333333333,0.243270615141613,0.243194593192433,0.697553333333333,0.687465125937021,0.685549197017099,1,1,1,0.703528333333333,0.695375375422369,0.697204812062618,0.604085,0.595948912934409,0.597487020356483,0.807168333333333,0.797436309780752,0.796816738768627,0.698021666666667,0.696040230322753,0.691105011373746,0.810973333333333,0.800094433028224,0.800833689106166
"32","100","100","unbal","2828",0.710451666666667,0.838781685729295,0.838803151014887,0.674131666666667,0.687729514655457,0.686022991945137,NA,NA,NA,0.929306666666667,0.880792547180879,0.893841476370116,0.738306666666667,0.716310245065039,0.718093687797386,0.309448333333333,0.245440338708906,0.245425396403111,0.674131666666667,0.687729514655457,0.686022991945137,1,1,1,0.715285,0.708531680144774,0.703880047310711,0.616405,0.607047065760397,0.603943873827267,0.821315,0.819461911171527,0.81637492004181,0.722036666666667,0.705864317965527,0.701739937388943,0.822888333333333,0.811242744668263,0.811552707971365,1.17246333333333,1.12869990885799,1.17958483054816,0.888913333333333,0.687729514655457,0.686022991945137,0.30178,0.285800951892257,0.285916408404755,0.751458333333333,0.776423379704364,0.77591929250094,0.722673333333333,0.716310245065039,0.718093687797386,NA,NA,NA,0.888913333333333,0.687729514655457,0.686022991945137,1,1,1,0.723801666666667,0.697826710524709,0.704387730882507,0.612543333333333,0.607378243249879,0.608326988079496,0.8266,0.810999558139567,0.805478490896358,0.714058333333333,0.69977043670942,0.701113459767965,0.829,0.811856188986138,0.81017250962204,0.958601666666667,0.976556727516688,0.976672846270111,0.854811666666667,0.848252060259677,0.844001990536466,0.289998333333333,0.285800951892257,0.285916408404755,0.78117,0.776423379704364,0.77591929250094,0.718006666666667,0.716310245065039,0.718093687797386,0.252811666666667,0.18755279433902,0.187473428103335,0.854811666666667,0.848252060259677,0.844001990536466,1,1,1,0.711991666666667,0.703260097272375,0.704610793939352,0.611811666666667,0.604304587566399,0.602216549917326,0.823033333333333,0.815079437720533,0.81500915785596,0.709558333333333,0.699193999025088,0.702794251445712,0.82432,0.813828930124068,0.812309909884425,0.7749,0.838781685729295,0.838803151014887,0.697478333333333,0.687729514655457,0.686022991945137,0.274918333333333,0.285800951892257,0.285916408404755,0.784148333333333,0.776423379704364,0.77591929250094,0.719906666666667,0.716310245065039,0.718093687797386,0.279223333333333,0.245440338708906,0.245425396403111,0.697478333333333,0.687729514655457,0.686022991945137,1,1,1,0.714578333333333,0.702678475732496,0.70015807945372,0.615571666666667,0.607479675304378,0.608507088503569,0.825681666666667,0.81023394282433,0.812789747204597,0.710651666666667,0.702345558061486,0.700465908629433,0.827141666666667,0.815588817618458,0.81370596819351
